Singer,Name,From
Aimer,7月の翼,Live night
Aimer,7月の翼,CD
Aimer,7月の翼,Live ARIA
Aimer,7月の翼,Live MidnightSun
Aimer,7月の翼,Live Walpurgis
Aimer,After Rain (Scarlet ver),CD
Aimer,After Rain,CD
Aimer,After Rain,Live DAWN
Aimer,After rain,Live Soleil
Aimer,AM02꞉00 (haruka nakamura La Nuit remix),CD
Aimer,AM02꞉00,CD
Aimer,AM02꞉00,Live blanc
Aimer,AM02꞉00,Live bleu
Aimer,AM02꞉00,Live night
Aimer,AM02꞉00,Live rouge
Aimer,AM03꞉00,CD
Aimer,AM03꞉00,Live night
Aimer,AM04꞉00,Live night
Aimer,AM04꞉00,CD
Aimer,Brave Shine,CD
Aimer,Brave Shine,Live blanc
Aimer,Brave Shine,Live Cycle
Aimer,Brave Shine,Live DAWN
Aimer,Brave Shine,Live rouge
Aimer,Brave Shine,Live Walpurgisncht
Aimer,Breaking Up Is Hard To Do,CD
Aimer,closer,CD
Aimer,Daisy,CD
Aimer,Daisy,Live bleu
Aimer,Daisy,Live rouge
Aimer,ever after,Live Walpurgis
Aimer,ever after,Live Walpurgisncht
Aimer,for ロンリー,CD
Aimer,Hz,CD
Aimer,Hz,Live bleu
Aimer,Hz,Live Cycle
Aimer,HZ,Live Soleil
Aimer,insane dream,CD
Aimer,Ivy Ivy Ivy,CD
Aimer,Ivy Ivy Ivy,Live Cycle
Aimer,LAST STARDUST,CD
Aimer,LAST STARDUST,Live blanc
Aimer,LAST STARDUST,Live night
Aimer,Life is a song,CD
Aimer,March of Time,CD
Aimer,March of Time,Live blanc
Aimer,my sweetest one,CD
Aimer,ninelie with chelly (EGOIST),CD
Aimer,Noir! Noir!,CD
Aimer,Noir! Noir!,Live night
Aimer,ONE-epilogue-,CD
Aimer,ONE,CD
Aimer,ONE,Live blanc
Aimer,ONE,Live bleu
Aimer,ONE,Live Cycle
Aimer,ONE,Live rouge
Aimer,ONE,Live Soleil
Aimer,ONE,Live Walpurgisncht
Aimer,Ref rain,Live Cycle
Aimer,Refːrain (TV Size),CD
Aimer,Refːrain,CD
Aimer,Refːrain,Live ARIA
Aimer,Refːrain,Live Soleil
Aimer,RE꞉I AM,CD
Aimer,RE꞉I AM,Live ARIA
Aimer,RE꞉I AM,Live blanc
Aimer,RE꞉I AM,Live bleu
Aimer,rubble pile,CD
Aimer,STAND-ALONE,CD
Aimer,STAND-ALONE,Live rouge
Aimer,tone (Remaster for 星の消えた夜に 2022),CD
Aimer,tone,CD
Aimer,tone,Live night
Aimer,Torches (TV size),CD
Aimer,Torches,CD
Aimer,Torches,Live bleu
Aimer,Torches,Live rouge
Aimer,Torches,Live Walpurgis
Aimer,あてもなく,CD
Aimer,あなたに出会わなければ ～夏雪冬花～,Live DAWN
Aimer,あなたに出会わなければ,Live ARIA
Aimer,あなたに出会わなければ~夏雪冬花~ (Live in church ver.),CD
Aimer,あなたに出会わなければ~夏雪冬花~,CD
Aimer,あなたに出会わなければ~夏雪冬花~,Live blanc
Aimer,あなたに出会わなければ~夏雪冬花~,Live Cycle
Aimer,あなたに出会わなければ~夏雪冬花~,Live Soleil
Aimer,あなたに出会わなければ～夏雪冬花～,Live night
Aimer,おもかげ,CD
Aimer,カタオモイ (5th Anniversary Live ver.),CD
Aimer,カタオモイ - From THE FIRST TAKE,CD
Aimer,カタオモイ,5th Live
Aimer,カタオモイ,CD
Aimer,カタオモイ,Live ARIA
Aimer,カタオモイ,Live blanc
Aimer,カタオモイ,Live bleu
Aimer,カタオモイ,Live rouge
Aimer,カタオモイ,Live Soleil
Aimer,カタオモイ,Live Walpurgisncht
Aimer,コイワズライ,CD
Aimer,コイワズライ,Live bleu
Aimer,コイワズライ,Live rouge
Aimer,コイワズライ,Live Walpurgis
Aimer,スピカ,Live blanc
Aimer,セプテンバーさん,CD
Aimer,トリル -starless night ver.-,CD
Aimer,トリル,Live night
Aimer,トリル,Live Walpurgis
Aimer,トリル,Live Walpurgisncht
Aimer,ポラリス [haruka nakamura ursa remix],CD
Aimer,ポラリス,CD
Aimer,ポラリス,Live bleu
Aimer,ポラリス,Live Cycle
Aimer,ポラリス,Live rouge
Aimer,今日から思い出 (Live in church ver.),CD
Aimer,今日から思い出 Evergreen ver.,CD
Aimer,今日から思い出,CD
Aimer,今日から思い出,Live Soleil
Aimer,六等星の夜 (from Live at anywhere),CD
Aimer,六等星の夜,CD
Aimer,六等星の夜,Live blanc
Aimer,六等星の夜,Live bleu
Aimer,六等星の夜,Live Cycle
Aimer,冬のダイヤモンド,CD
Aimer,地球儀,CD
Aimer,地球儀,Live Walpurgisncht
Aimer,寂しくて眠れない夜,Live ARIA
Aimer,寂しくて眠れない夜は (Live in church ver.),CD
Aimer,寂しくて眠れない夜は,CD
Aimer,小さな星のメロディー,CD
Aimer,小さな星のメロディー,Live ARIA
Aimer,思い出は奇丽で,CD
Aimer,思い出は奇丽で,Live Soleil
Aimer,悲しみはオーロラに(Restarred by Takagi Masakatsu),CD
Aimer,悲しみはオーロラに,Live night
Aimer,星の消えた夜に (Re-echoed by Genki Rockets × give me wallets),CD
Aimer,星の消えた夜に,CD
Aimer,星の消えた夜に,Live bleu
Aimer,星の消えた夜に,Live DAWN
Aimer,星の消えた夜に,Live night
Aimer,星の消えた夜に,Live Walpurgisncht
Aimer,星屑のビーナス,Live blanc
Aimer,星屑ビーナス(Live in church ver.),CD
Aimer,星屑ビーナス,CD
Aimer,春はゆく (the late spring ver.),CD
Aimer,春はゆく,CD
Aimer,春はゆく,Live Walpurgis
Aimer,未行之路,CD
Aimer,残響散歌,CD
Aimer,残響散歌,Live Walpurgisncht
Aimer,白色蜉蝣,CD
Aimer,眠りの森,CD
Aimer,眠りの森,Live night
Aimer,空噪wired,CD
Aimer,糸,CD
Aimer,花の唄,Live blanc
Aimer,花びらたちのマーチ,CD
Aimer,花びらたちのマーチ,Live Walpurgis
Aimer,茜さす,CD
Aimer,茜さす,Live Walpurgis
Aimer,蝶々結び,CD
Aimer,蝶々結び,Live ARIA
Aimer,蝶々結び,Live blanc
Aimer,蝶々結び,Live Cycle
Aimer,蝶々結び,Live night
Aimer,蝶々結び,Live Soleil
H△G,glow,CD
H△G,Halzion,CD
H△G,Halzion,WEB
H△G,secret base ～君がくれたもの～,CD
H△G,あの夏、僕らは。,CD
H△G,アイロニ,CD
H△G,インタビュア,CD
H△G,ハローハロー,CD
H△G,少女たちの終わらない夜,CD
H△G,心拍数#0822,CD
milet,Again and Again,CD
milet,Again and Again,Live MIRROR
milet,Again and Again,MV
milet,Always You (5am mix),CD
milet,Always You,CD
milet,Always You,Live UNZEPP
milet,Always You,MV
milet,Anytime Anywhere,CD
milet,Anytime Anywhere,MV
milet,b r o k e n,CD
milet,Before the Dawn,CD
milet,Before The Dawn,Live visions
milet,Checkmate,CD
milet,Checkmate,Live SEVENTH
milet,Checkmate,MV
milet,Clan (5am mix),CD
milet,Clan,CD
milet,Clan,Live UNZEPP
milet,Clan,MV
milet,December,CD
milet,December,MV
milet,Diving Board,CD
milet,Diving Board,Live MIRROR
milet,Diving Board,Live Online
milet,Diving Board,Live UNZEPP
milet,Diving Board,Live 不插电
milet,Dome,CD
milet,Dome,Live SEVENTH
milet,Drown,CD
milet,Drown,Live MIRROR
milet,Drown,Live Online
milet,Drown,MV
milet,Final Call,CD
milet,Final Call,MV
milet,Fine Line,CD
milet,Fine Line,Live Online
milet,Fine Line,Live visions
milet,Fine Line,Live 不插电
milet,Fire Arrow,CD
milet,Fire Arrow,Live Online
milet,Fire Arrow,Live SEVENTH
milet,Fire Arrow,MV
milet,Flare,CD
milet,Flare,Live MIRROR
milet,Flare,Live visions
milet,Flare,MV
milet,Fly High,CD
milet,Fly High,Live MIRROR
milet,Fly High,MV
milet,HELL CLUB,CD
milet,Hey Song,CD
milet,Hey Song,MV
milet,Hit the Lights,CD
milet,I Gotta Go,CD
milet,I Gotta Go,Live UNZEPP
milet,Inside You,CD
milet,Inside You,Live MIRROR
milet,Inside You,Live Online
milet,Inside You,Live SEVENTH
milet,Inside you,Live UNZEPP
milet,Inside You,Live visions
milet,inside You,MV
milet,Inside You,THE HOME TAKE
milet,Into the Mirror,CD
milet,Into the Mirror,Live MIRROR
milet,Into the mirror,Live UNZEPP
milet,Jam,CD
milet,Jam,Live visions
milet,Loved By You,CD
milet,Loved By You,Live visions
milet,Noёl In July,CD
milet,One Reason,CD
milet,One Reason,Live visions
milet,One Reason,MV
milet,One Touch,CD
milet,One Touch,MV
milet,Ordinary Days,CD
milet,Ordinary Days,Live SEVENTH
milet,Ordinary days,Live UNZEPP
milet,Ordinary Days,Live visions
milet,Ordinary Days,MV
milet,Outsider,CD
milet,Outsider,Live UNZEPP
milet,Outsider,Live visions
milet,Parachute,CD
milet,Parachute,Live Online
milet,Prover,CD
milet,Prover,Live MIRROR
milet,Prover,Live 不插电
milet,Prover,MV
milet,Red Neon,CD
milet,Red Neon,Live UNZEPP
milet,Red Neon,Live 不插电
milet,SEVENTH HEAVEN,CD
milet,SEVENTH HEAVEN,Live MIRROR
milet,SEVENTH HEAVEN,Live UNZEPP
milet,SEVENTH HEAVEN,Live visions
milet,Shed A Light,CD
milet,Shed A Light,Live visions
milet,Shed A Light,MV
milet,STAY,CD
milet,STAY,Live 不插电
milet,Tell Me,CD
milet,Tell Me,MV
milet,The Hardest,CD
milet,The Hardest,Live visions
milet,The Hardest,Live 不插电
milet,The Hardest,MV
milet,The Love We Have Made,Live 不插电
milet,The Love We've Made,CD
milet,The Love We've Made,Live SEVENTH
milet,The Love We've Made,MV
milet,Undone,CD
milet,Undone,Live Online
milet,Undone,Live 不插电
milet,Undone,MV
milet,us,CD
milet,us_Encore,Live Online
milet,us,Live MIRROR
milet,us,Live Online
milet,us,Live SEVENTH
milet,us,Live UNZEPP
milet,us,Live visions
milet,us,MV
milet,us,THE Home TAKE
milet,Wake Me Up,CD
milet,Wake Me Up,Live SEVENTH
milet,Wake Me Up,Live visions
milet,Wake Me Up,MV
milet,Walkin' In My Lane,CD
milet,Walkin' In My Lane,MV
milet,Walkin’ In My Lane,Live MIRROR
milet,Walkin’ In My Lane,Live UNZEPP
milet,Waterfall,CD
milet,Waterfall,Live SEVENTH
milet,Who I Am,CD
milet,Who I Am,Live MIRROR
milet,Who I Am,MV
milet,Without Your Love,CD
milet,Wonderland,CD
milet,Wonderland,Live Online
milet,You & I,CD
milet,You & I,Live MIRROR
milet,You & I,Live Online
milet,You & I,MV
milet,You made it,CD
milet,Your Light,CD
milet,Your Light,Live MIRROR
milet,おもかげ,CD
milet,絆ノ奇跡,CD
milet,絆ノ奇跡_CD,MV
milet,航海前夜,CD
milet,航海前夜,Live Online
YOASOBI,Biri-Biri,CD
YOASOBI,あの夢をなぞって,MV
YOASOBI,あの夢をなぞって,1st Live
YOASOBI,あの夢をなぞって,CD
YOASOBI,たぶん,MV
YOASOBI,たぶん,1st Live
YOASOBI,たぶん,2nd Live
YOASOBI,たぶん,CD
YOASOBI,もう少しだけ,2nd Live
YOASOBI,もう少しだけ,CD
YOASOBI,もう少しだけ,MV
YOASOBI,もしも命が描けたら,3rd Live
YOASOBI,もしも命が描けたら,CD
YOASOBI,もしも命が描けたら,MV
YOASOBI,アイドル,CD
YOASOBI,アイドル,Live 電光石火
YOASOBI,アイドル,MV
YOASOBI,アドベンチャー,CD
YOASOBI,アドベンチャー,MV
YOASOBI,アンコール,1st Live
YOASOBI,アンコール,2nd Live
YOASOBI,アンコール,3rd Live
YOASOBI,アンコール,CD
YOASOBI,アンコール,MV
YOASOBI,セブンティーン,CD
YOASOBI,セブンティーン,MV
YOASOBI,ツバメ (feat. ミドリーズ),CD
YOASOBI,ツバメ feat. ミドリーズ,MV
YOASOBI,ハルジオン,MV
YOASOBI,ハルジオン,1st Live
YOASOBI,ハルジオン,2nd Live
YOASOBI,ハルジオン,CD
YOASOBI,ミスター,CD
YOASOBI,ミスター,MV
YOASOBI,優しい彗星,CD
YOASOBI,優しい彗星,MV
YOASOBI,夜に駆ける,1st Live
YOASOBI,夜に駆ける,2nd Live
YOASOBI,夜に駆ける,CD
YOASOBI,夜に駆ける,MV
YOASOBI,大正浪漫,CD
YOASOBI,大正浪漫,MV
YOASOBI,好きだ,CD
YOASOBI,好きだ,MV
YOASOBI,怪物,1st Live
YOASOBI,怪物,2nd Live
YOASOBI,怪物,CD
YOASOBI,怪物,MV
YOASOBI,群青,1st Live
YOASOBI,群青,2nd Live
YOASOBI,群青,CD
YOASOBI,群青,MV
西木康智,クレストランド地方-夜,CD
西木康智,クレストランド地方,CD
西木康智,秘密の楽園トロップホップ -夜-,CD
西木康智,秘密の楽園トロップホップ,CD
几田莉拉,ヒカリ,CD
几田莉拉,レンズ,CD
周杰伦,Mine Mine,CD
周杰伦,Mine Mine,Live 2013
周杰伦,Mine Mine,MV
周杰伦,Mojito,CD
周杰伦,Mojito,MV
周杰伦,Now You See Me,CD
周杰伦,Now You See Me,Live 2016
周杰伦,一口气全念对,CD
周杰伦,一口气全念对,MV
周杰伦,一点点,CD
周杰伦,一点点,MV
周杰伦,一路向北,CD
周杰伦,一路向北,MV
周杰伦,七里香,CD
周杰伦,七里香,Live 2004
周杰伦,七里香,MV
周杰伦,三年二班,CD
周杰伦,三年二班,MV
周杰伦,不能说的秘密,Live 2007
周杰伦,不该,CD
周杰伦,不该,MV
周杰伦,世界末日,CD
周杰伦,东风破,CD
周杰伦,东风破,Live 2004
周杰伦,东风破,Live 2010
周杰伦,东风破,MV
周杰伦,乌克丽丽,CD
周杰伦,乌克丽丽,MV
周杰伦,乔克叔叔,CD
周杰伦,乔克叔叔,MV
周杰伦,乱舞春秋,CD
周杰伦,乱舞春秋,Live 2004
周杰伦,乱舞春秋,MV
周杰伦,以父之名,CD
周杰伦,以父之名,Live 2004
周杰伦,以父之名,Live 2010
周杰伦,以父之名,Live 2016
周杰伦,以父之名,MV
周杰伦,你听得到,CD
周杰伦,你听得到,Live 2004
周杰伦,你听得到,MV
周杰伦,你怎么连话都说不清楚,Live 2002
周杰伦,依然范特西,Album
周杰伦,倒带,Live 2004
周杰伦,借口,CD
周杰伦,借口,Live 2004
周杰伦,借口,MV
周杰伦,免费教学录影带,CD
周杰伦,免费教学录影带,MV
周杰伦,公公偏头痛,CD
周杰伦,公公偏头痛,MV
周杰伦,兰亭序,CD
周杰伦,兰亭序,MV
周杰伦,前世情人,CD
周杰伦,前世情人,MV
周杰伦,千里之外,CD
周杰伦,千里之外,Live 2007
周杰伦,千里之外,MV
周杰伦,半岛铁盒,CD
周杰伦,半岛铁盒,Live 2002
周杰伦,半岛铁盒,MV
周杰伦,印第安老斑鸠,CD
周杰伦,印第安老斑鸠,Live 2016
周杰伦,印第安老斑鸠,MV
周杰伦,双刀+双截棍+龙拳,Live 2004
周杰伦,双刀,CD
周杰伦,双刀,MV
周杰伦,双截棍,CD
周杰伦,双截棍,Live 2002
周杰伦,双截棍,Live 2013
周杰伦,双截棍,Live 2016
周杰伦,双截棍,MV
周杰伦,反方向的钟,CD
周杰伦,反方向的钟,MV
周杰伦,发如雪,CD
周杰伦,发如雪,Live 2007
周杰伦,发如雪,MV
周杰伦,可爱女人,CD
周杰伦,可爱女人,MV
周杰伦,同一种调调,CD
周杰伦,同一种调调,MV
周杰伦,听妈妈的话,CD
周杰伦,听妈妈的话,Live 2007
周杰伦,听妈妈的话,MV
周杰伦,听爸爸的话,CD
周杰伦,听爸爸的话,MV
周杰伦,告白气球,CD
周杰伦,告白气球,Live 2016
周杰伦,告白气球,MV
周杰伦,周大侠,Live 2007
周杰伦,周大侠,MV
周杰伦,哪里都是你,CD
周杰伦,哪里都是你,MV
周杰伦,四面楚歌,CD
周杰伦,四面楚歌,MV
周杰伦,回到过去,CD
周杰伦,回到过去,Live 2002
周杰伦,回到过去,Live 2004
周杰伦,回到过去,MV
周杰伦,园游会,CD
周杰伦,园游会,Live 2004
周杰伦,园游会,MV
周杰伦,土耳其冰淇淋,CD
周杰伦,土耳其冰淇淋,MV
周杰伦,外婆,CD
周杰伦,外婆,Live 2004
周杰伦,外婆,MV
周杰伦,夜曲,CD
周杰伦,夜曲,MV
周杰伦,夜的第七章,CD
周杰伦,夜的第七章,MV
周杰伦,大笨钟+暗号+彩虹+龙卷风,Live 2016
周杰伦,大笨钟,CD
周杰伦,大笨钟,MV
周杰伦,天台,Live 2013
周杰伦,天台的月光,CD
周杰伦,天涯过客,CD
周杰伦,天涯过客,MV
周杰伦,她的睫毛,CD
周杰伦,她的睫毛,Live 2004
周杰伦,她的睫毛,MV
周杰伦,威廉古堡,CD
周杰伦,威廉古堡,MV
周杰伦,安静,CD
周杰伦,安静,Live 2002
周杰伦,安静,MV
周杰伦,完美主义,CD
周杰伦,完美主义,MV
周杰伦,对不起,CD
周杰伦,将军,CD
周杰伦,将军,Live 2004
周杰伦,将军,MV
周杰伦,屋顶,CD
周杰伦,床边故事,CD
周杰伦,床边故事,Live 2016
周杰伦,床边故事,MV
周杰伦,开不了口,CD
周杰伦,开不了口,Live 2002
周杰伦,开不了口,Live 2010
周杰伦,开不了口,Live 2013
周杰伦,开不了口,Live 2016
周杰伦,开不了口,MV
周杰伦,彩虹+轨迹,Live 2013
周杰伦,彩虹,CD
周杰伦,彩虹,MV
周杰伦,心雨,CD
周杰伦,心雨,MV
周杰伦,忍者,CD
周杰伦,忍者,Live 2002
周杰伦,忍者,MV
周杰伦,怎么了,CD
周杰伦,怎么了,MV
周杰伦,我不配(距离),CD
周杰伦,我不配,MV
周杰伦,我的地盘,CD
周杰伦,我的地盘,Live 2004
周杰伦,我的地盘,MV
周杰伦,我要夏天,CD
周杰伦,我要夏天,Live 2016
周杰伦,我要夏天,MV
周杰伦,扯,CD
周杰伦,扯,MV
周杰伦,搁浅,CD
周杰伦,搁浅,Live 2004
周杰伦,搁浅,MV
周杰伦,斗牛,CD
周杰伦,斗牛,Live 2002
周杰伦,斗牛,MV
周杰伦,断了的弦,CD
周杰伦,断了的弦,Live 2004
周杰伦,断了的弦,MV
周杰伦,时光机,CD
周杰伦,时光机,MV
周杰伦,明明就,CD
周杰伦,明明就,MV
周杰伦,星晴,CD
周杰伦,星晴,Live 2002
周杰伦,星晴,Live 2004
周杰伦,星晴,MV
周杰伦,晴天,CD
周杰伦,晴天,Live 2004
周杰伦,晴天,MV
周杰伦,暗号,CD
周杰伦,暗号,Live 2002
周杰伦,暗号,MV
周杰伦,最伟大的作品,CD
周杰伦,最伟大的作品,MV
周杰伦,最长的电影,CD
周杰伦,最长的电影,Live 2007
周杰伦,最长的电影,MV
周杰伦,本草纲目,CD
周杰伦,本草纲目,MV
周杰伦,枫,CD
周杰伦,枫,MV
周杰伦,梦想启动,CD
周杰伦,梦想启动,MV
周杰伦,梯田,CD
周杰伦,梯田,MV
周杰伦,比较大的大提琴,CD
周杰伦,比较大的大提琴,Live 2013
周杰伦,比较大的大提琴,MV
周杰伦,水手怕水,CD
周杰伦,水手怕水,MV
周杰伦,流浪诗人,CD
周杰伦,浪漫手机,CD
周杰伦,浪漫手机,MV
周杰伦,烟花易冷,CD
周杰伦,烟花易冷,MV
周杰伦,爱你没差,CD
周杰伦,爱你没差,MV
周杰伦,爱在西元前,CD
周杰伦,爱在西元前,Live 2002
周杰伦,爱在西元前,Live 2010
周杰伦,爱在西元前,MV
周杰伦,爱情悬崖,CD
周杰伦,爱情悬崖,Live 2004
周杰伦,爱情悬崖,MV
周杰伦,爱我别走,Live 2004
周杰伦,爱的飞行日记,CD
周杰伦,爱的飞行日记,Live 2010
周杰伦,爷爷泡的茶,CD
周杰伦,爷爷泡的茶,Live 2002
周杰伦,爷爷泡的茶,Live 2016
周杰伦,爷爷泡的茶,MV
周杰伦,牛仔很忙,CD
周杰伦,牛仔很忙,Live 2007
周杰伦,牛仔很忙,MV
周杰伦,狗仔舞,CD
周杰伦,珊瑚海,CD
周杰伦,珊瑚海,MV
周杰伦,甜甜的,CD
周杰伦,甜甜的,Live 2007
周杰伦,画沙,CD
周杰伦,画沙,MV
周杰伦,白色风车,CD
周杰伦,白色风车,Live 2007
周杰伦,白色风车,MV
周杰伦,皮影戏,CD
周杰伦,皮影戏,MV
周杰伦,稻香,CD
周杰伦,稻香,MV
周杰伦,窃爱,CD
周杰伦,窃爱,MV
周杰伦,简单爱,CD
周杰伦,简单爱,Live 2002
周杰伦,简单爱,Live 2004
周杰伦,简单爱,MV
周杰伦,算什么男人,CD
周杰伦,算什么男人,MV
周杰伦,米兰的小铁匠,CD
周杰伦,米兰的小铁匠,MV
周杰伦,粉色海洋,CD
周杰伦,粉色海洋,MV
周杰伦,红尘客栈,CD
周杰伦,红尘客栈,MV
周杰伦,红模仿,CD
周杰伦,红模仿,MV
周杰伦,红颜如霜,CD
周杰伦,红颜如霜,MV
周杰伦,给我一首歌的时间,CD
周杰伦,给我一首歌的时间,MV
周杰伦,美人鱼,CD
周杰伦,美人鱼,Live 2016
周杰伦,自导自演,CD
周杰伦,自导自演,MV
周杰伦,花海,CD
周杰伦,花海,MV
周杰伦,英雄,CD
周杰伦,英雄,Live 2016
周杰伦,英雄,MV
周杰伦,菊花台,CD
周杰伦,菊花台,Live 2007
周杰伦,菊花台,MV
周杰伦,菊花台_钢琴演奏版,CD
周杰伦,蒲公英的约定,CD
周杰伦,蒲公英的约定,Live 2007
周杰伦,蛇舞,CD
周杰伦,蛇舞,MV
周杰伦,蜗牛,CD
周杰伦,说好不哭,CD
周杰伦,说好不哭,MV
周杰伦,说好的幸福呢,CD
周杰伦,说好的幸福呢,MV
周杰伦,说走就走,CD
周杰伦,说走就走,MV
周杰伦,超跑女神,CD
周杰伦,超跑女神,MV
周杰伦,轨迹,CD
周杰伦,轨迹,Live 2004
周杰伦,轨迹,MV
周杰伦,还在流浪,CD
周杰伦,还在流浪,MV
周杰伦,迷迭香,CD
周杰伦,迷迭香,MV
周杰伦,迷魂曲,CD
周杰伦,迷魂曲,MV
周杰伦,退后,CD
周杰伦,退后,Live 2007
周杰伦,退后,MV
周杰伦,错过的烟火,CD
周杰伦,错过的烟火,MV
周杰伦,阳光宅男,CD
周杰伦,阳光宅男,Live 2007
周杰伦,阳光宅男,MV
周杰伦,阳明山,CD
周杰伦,阳明山,MV
周杰伦,雨下一整晚,CD
周杰伦,雨下一整晚,Live 2010
周杰伦,雨下一整晚,MV
周杰伦,霍元甲,CD
周杰伦,霍元甲,Live 2007
周杰伦,霍元甲,MV
周杰伦,青花瓷,CD
周杰伦,青花瓷,Live 2013
周杰伦,青花瓷,MV
周杰伦,鞋子特大号,CD
周杰伦,鞋子特大号,Live 2016
周杰伦,鞋子特大号,MV
周杰伦,魔术先生,CD
周杰伦,魔术先生,Live 2010
周杰伦,魔术先生,MV
周杰伦,魔杰座,Album
周杰伦,麦芽糖,CD
周杰伦,麦芽糖,Live 2007
周杰伦,麦芽糖,MV
周杰伦,黄金甲,CD
周杰伦,黄金甲,MV
周杰伦,黑色幽默,CD
周杰伦,黑色幽默,Live 2002
周杰伦,黑色幽默,MV
周杰伦,黑色毛衣,CD
周杰伦,黑色毛衣,MV
周杰伦,龙卷风,CD
周杰伦,龙卷风,Live 2002
周杰伦,龙卷风,Live 2004
周杰伦,龙卷风,Live 2010
周杰伦,龙卷风,Live 2013
周杰伦,龙卷风,MV
周杰伦,龙战骑士,CD
周杰伦,龙战骑士,Live 2010
周杰伦,龙战骑士,MV
周杰伦,龙拳,CD
周杰伦,龙拳,Live 2002
周杰伦,龙拳,Live 2013
周杰伦,龙拳,MV
宇多田光,About Me (Live Version),CD
宇多田光,About Me,CD
宇多田光,Addicted To You [UP-IN-HEAVEN MIX],CD
宇多田光,Addicted To You,Live BOHEMIAN
宇多田光,Addicted To you,Live Budokan
宇多田光,Addicted To You,Live UNITED
宇多田光,Addicted To You,Live 不插电
宇多田光,Addicted To You,MV
宇多田光,Automatic,CD
宇多田光,Automatic,Live BOHEMIAN
宇多田光,Automatic,Live Budokan
宇多田光,Automatic,Live Flesh
宇多田光,Automatic,Live Laughter
宇多田光,Automatic,Live Luv
宇多田光,Automatic,Live Natural
宇多田光,Automatic,Live SCIENCE
宇多田光,Automatic,Live UNITED
宇多田光,Automatic,Live WILD
宇多田光,Automatic,Live 不插电
宇多田光,Automatic,MV
宇多田光,BADモード,MV
宇多田光,BADモード (Live Version),CD
宇多田光,BADモード,Live SCIENCE
宇多田光,BADモード,CD
宇多田光,Beautiful World (2021 Remastered),CD
宇多田光,Beautiful World (Da Capo Version) (Live Version),CD
宇多田光,Beautiful World (Da Capo Version),CD
宇多田光,Beautiful World (PLANiTb Acoustica Mix [2021 Remastered]),CD
宇多田光,Beautiful World,Live SCIENCE
宇多田光,Beautiful World,Live WILD
宇多田光,Beautiful World,MV
宇多田光,Can You Keep A Secret,CD
宇多田光,Can You Keep A Secret,Live Budokan
宇多田光,Can You Keep A Secret,MV
宇多田光,COLORS,CD
宇多田光,COLORS,Live Budokan
宇多田光,COLORS,Live Laughter
宇多田光,COLORS,Live SCIENCE
宇多田光,COLORS,Live UNITED
宇多田光,COLORS,Live WILD
宇多田光,COLORS,MV
宇多田光,Come Back To Me (Quentin Harris Radio Edit),CD
宇多田光,Come Back To Me (Seamus Haji & Paul Emanuel Radio Edit),CD
宇多田光,Come Back To Me,CD
宇多田光,Come Back To Me,Live Flesh
宇多田光,Come Back To Me,MV
宇多田光,DISTANCE,CD
宇多田光,DISTANCE,Live Budokan
宇多田光,Face My Fears (A. G. Cook Remix),MV
宇多田光,Face My Fears (English Version) (Live Version),CD
宇多田光,Face My Fears (English Version),CD
宇多田光,Face My Fears (Japanese Version) (Live Version),CD
宇多田光,Face My Fears (Japanese Version),CD
宇多田光,FINAL DISTANCE,CD
宇多田光,FINAL DISTANCE,Live UNITED
宇多田光,FINAL DISTANCE,Live 不插电
宇多田光,FINAL DISTANCE,MV
宇多田光,Find Love (Live Version),CD
宇多田光,Find Love,CD
宇多田光,First Love,CD
宇多田光,First Love,Live BOHEMIAN
宇多田光,First Love,Live Budokan
宇多田光,First Love,Live Flesh
宇多田光,First Love,Live Laughter
宇多田光,First Love,Live Natural
宇多田光,First Love,Live SCIENCE
宇多田光,First Love,Live UNITED
宇多田光,First Love,Live WILD
宇多田光,First Love,Live 不插电
宇多田光,First love,MV
宇多田光,Flavor Of Life-Ballad Version-,CD
宇多田光,Flavor Of Live - Ballad Versio -,Live WILD
宇多田光,Gold ～また逢う日まで～,CD
宇多田光,Gold ～また逢う日まで～,MV
宇多田光,Goodbye Happiness,CD
宇多田光,Goodbye Happiness,Live Laughter
宇多田光,Goodbye Happiness,Live WILD
宇多田光,Goodbye Happiness,MV
宇多田光,HEART STATION,CD
宇多田光,HEART STATION,MV
宇多田光,Hotel Lobby (Live Version),CD
宇多田光,Hotel Lobby,CD
宇多田光,Kiss & Cry,CD
宇多田光,Kiss & Cry,Live Laughter
宇多田光,Kiss & Cry,Live SCIENCE
宇多田光,Letters,CD
宇多田光,Letters,Live SCIENCE
宇多田光,Letter,Live Budokan
宇多田光,Movin' on withou you,Live BOHEMIAN
宇多田光,Movin' on without you,CD
宇多田光,Movin' on without you,Live Budokan
宇多田光,Movin' on without you,Live Luv
宇多田光,Movin' on without you,Live UNITED
宇多田光,Movin' on without you,MV
宇多田光,On And On,CD
宇多田光,One Last Kiss (Live Version),CD
宇多田光,One Last Kiss,CD
宇多田光,One Last Kiss,Live SCIENCE
宇多田光,One Last Kiss,MV
宇多田光,Passion (Single Version),CD
宇多田光,Passion,Live UNITED
宇多田光,PINK BLOOD (Live Version),CD
宇多田光,PINK BLOOD,CD
宇多田光,PINK BLOOD,MV
宇多田光,Play A Love Song,CD
宇多田光,Play A Love Song,Live Laughter
宇多田光,Prisoner Of Love,CD
宇多田光,Prisoner Of Love,Live Laughter
宇多田光,Prisoner Of Love,Live WILD
宇多田光,Prisoner Of Love,MV
宇多田光,Stay Gold,CD
宇多田光,Stay Gold,Live Flesh
宇多田光,Stay Gold,Live SCIENCE
宇多田光,Stay Gold,Live WILD
宇多田光,This Is Love,Live UNITED
宇多田光,Time (Live Version),CD
宇多田光,time will tell,CD
宇多田光,time will tell,Live BOHEMIAN
宇多田光,time will tell,Live Luv
宇多田光,time will tell,Live Natural
宇多田光,time will tell,Live SCIENCE
宇多田光,time will tell,Live WILD
宇多田光,Time,CD
宇多田光,Time,MV
宇多田光,Too Proud Featuring Jevon,CD
宇多田光,traveling,CD
宇多田光,traveling,Live Budokan
宇多田光,traveling,Live Laughter
宇多田光,traveling,Live SCIENCE
宇多田光,traveling,Live UNITED
宇多田光,traveling,Live WILD
宇多田光,traveling,MV
宇多田光,あなた,CD
宇多田光,あなた,Live Laughter
宇多田光,あなた,Live SCIENCE
宇多田光,あなた,MV
宇多田光,ともだち,CD
宇多田光,ともだち,Live Laughter
宇多田光,キレイな人 (Find Love),CD
宇多田光,タイム・リミット,CD
宇多田光,タイム・リミット,MV
宇多田光,俺の彼女,CD
宇多田光,俺の彼女,Live Laughter
宇多田光,光,CD
宇多田光,光,Live Budokan
宇多田光,光,Live Laughter
宇多田光,光,Live SCIENCE
宇多田光,光,Live UNITED
宇多田光,光,Live WILD
宇多田光,光,MV
宇多田光,初恋,CD
宇多田光,初恋,Live Laughter
宇多田光,初恋,MV
宇多田光,君に夢中 (Live Version),CD
宇多田光,君に夢中,CD
宇多田光,君に夢中,Live SCIENCE
宇多田光,君に夢中,MV
宇多田光,日曜の朝,CD
宇多田光,花束を君に,CD
宇多田光,花束を君に,Live Laughter
宇多田光,花束を君に,Live SCIENCE
宇多田光,花束を君に,MV
宇多田光,荒野の狼,CD
宇多田光,虹色バス,CD
宇多田光,虹色バス,Live WILD
宇多田光,誰にも言わない (Live Version),CD
宇多田光,誰にも言わない,CD
宇多田光,道,CD
宇多田光,道,Live Laughter
张杰,Adrenaline,CD
张杰,Intro + 最美的太阳,Live 巡回演唱会 鸟巢站
张杰,Layla蕾拉,CD
张杰,Layla蕾拉,Live 2023线上
张杰,Layla蕾拉,Live 2023跨年
张杰,Layla蕾拉,MV
张杰,My Sunshine + 回忆的独奏 + 他不懂,Live 巡回演唱会 鸟巢站
张杰,My Sunshine+你在哪里+他不懂+如果爱+第一夫人+花手绢+秋天的童话,Live 巡回演唱会 上海站
张杰,Perfume,CD
张杰,Perfume,Live 巡回演唱会 上海站
张杰,Perfume,MV
张杰,Pretty White Lies,CD
张杰,Pretty White Lies,Live 巡回演唱会 上海站
张杰,Pretty White Lies,Live 巡回演唱会 鸟巢站
张杰,She's Hot,CD
张杰,She's Hot,Live 2024跨年
张杰,一个人的远方,CD
张杰,一个人的远方,Live 2024跨年
张杰,一切都值得,Live 巡回演唱会 上海站
张杰,一路之下,Live 2021海口
张杰,一路之下,Live 2023线上
张杰,一路之下,Live 2024跨年
张杰,一路之下,Live 巡回演唱会 上海站
张杰,一路之下,Live 巡回演唱会 鸟巢站
张杰,万物不如你,CD
张杰,万物不如你,Live 2023跨年
张杰,万物不如你,Live 2024跨年
张杰,万物不如你,MV
张杰,三生三世,CD
张杰,三生三世,Live 2021海口
张杰,三生三世,Live 2023线上
张杰,三生三世,Live 2024跨年
张杰,不眠之夜,CD
张杰,不眠之夜,Live 2024跨年
张杰,不眠之夜,MV
张杰,为你而战,CD
张杰,为你而战,MV
张杰,九妹,Live 巡回演唱会 鸟巢站
张杰,习惯了,CD
张杰,云中的Angel,CD
张杰,云中的Angel,Live 2014
张杰,云中的Angel,Live 2023线上
张杰,云中的Angel,Live Just For Star
张杰,云中的Angle,Live 2023跨年
张杰,云中的Angle,Live 2024跨年
张杰,今生今世,CD
张杰,今生今世,Live 2021海口
张杰,今生今世,Live Just For Star
张杰,今生最爱,CD
张杰,他不懂,CD
张杰,他不懂,Live 2021海口
张杰,他不懂,Live 2023跨年
张杰,他不懂,Live 2024跨年
张杰,他不懂,Live Just For Star
张杰,他不懂,MV
张杰,他不爱我,CD
张杰,仰望星空,Live 2023线上
张杰,仰望星空,Live 2024跨年
张杰,仰望星空,Live 巡回演唱会 上海站
张杰,仰望星空,Live 巡回演唱会 鸟巢站
张杰,何必在一起,CD
张杰,何必在一起,Live 2024跨年
张杰,何必在一起,Live Just For Star
张杰,何必在一起,MV
张杰,做梦,CD
张杰,做梦,Live 巡回演唱会 上海站
张杰,再爱我一回,CD
张杰,再爱我一回,MV
张杰,再生之地,CD
张杰,再生之地,Live 2024跨年
张杰,再生之地,MV
张杰,出嫁,时光音乐会S01
张杰,剑心,CD
张杰,剑心,Live 2024跨年
张杰,剑心,Live Just For Star
张杰,勿忘心安,Live 2021海口
张杰,勿忘心安,Live 2023线上
张杰,勿忘心安,Live 2023跨年
张杰,勿忘心安,Live 2024跨年
张杰,勿忘心安,Live 巡回演唱会 上海站
张杰,北斗星的爱,Live 2014
张杰,北斗星的爱,Live 2024跨年
张杰,北斗星的爱,Live 巡回演唱会 鸟巢站
张杰,北斗星的爱,时光音乐会S01
张杰,半梦半醒之间,时光音乐会S01
张杰,只要平凡,CD
张杰,只要平凡,Live 2023线上
张杰,只要平凡,MV
张杰,回忆的独奏,CD
张杰,因为爱情来得不容易,CD
张杰,天上掉下个林妹妹,Live 巡回演唱会 鸟巢站
张杰,天下 + 如歌,Live 巡回演唱会 鸟巢站
张杰,天下+如歌+剑心+三生三世,Live 巡回演唱会 上海站
张杰,天下,CD
张杰,天下,Live 2021海口
张杰,天下,Live 2023线上
张杰,天下,Live 2023跨年
张杰,天下,Live 2024跨年
张杰,天下,Live Just For Star
张杰,天下,MV
张杰,奔腾,CD
张杰,奔腾,MV
张杰,好想大声说爱你,Live 巡回演唱会 鸟巢站
张杰,如果爱 + 第一夫人 + 花手绢 + 秋天的童话,Live 巡回演唱会 鸟巢站
张杰,如歌,CD
张杰,如歌,MV
张杰,少年中国说,CD
张杰,少年中国说,Live 2021海口
张杰,少年中国说,Live 2023线上
张杰,少年中国说,Live 2023跨年
张杰,少年中国说,Live 2024跨年
张杰,少年中国说,Live 巡回演唱会 上海站
张杰,少年中国说,Live 巡回演唱会 鸟巢站
张杰,岁月神偷,Live 2024跨年
张杰,平行线,CD
张杰,年轻人,CD
张杰,年轻人,MV
张杰,年轻的战场,Live 2021海口
张杰,年轻的战场,Live 2023跨年
张杰,很奇怪我爱你,CD
张杰,微笑,Live 2014
张杰,我们都一样(回忆版),CD
张杰,我们都一样,CD
张杰,我们都一样,Live 2014
张杰,我们都一样,Live 2021海口
张杰,我们都一样,Live 2023跨年
张杰,我们都一样,Live 2024跨年
张杰,我们都一样,Live Just For Star
张杰,我们都一样,Live 巡回演唱会 鸟巢站
张杰,我们都一样,时光音乐会S01
张杰,我是来揍你的,CD
张杰,指望,时光音乐会S01
张杰,明天过后,CD
张杰,明天过后,Live 2014
张杰,明天过后,Live 2023跨年
张杰,明天过后,Live 2024跨年
张杰,明天过后,Live Just For Star
张杰,明天过后,Live 巡回演唱会 上海站
张杰,明天过后,MV
张杰,春天花会开,时光音乐会S01
张杰,最接近天堂的地方,CD
张杰,最接近天堂的地方,Live 2024跨年
张杰,最接近天堂的地方,Live 巡回演唱会 上海站
张杰,最接近天堂的地方,Live 巡回演唱会 鸟巢站
张杰,最接近天堂的地方,MV
张杰,最熟悉的陌生人,Live 2021海口
张杰,最熟悉的陌生人,Live 2023跨年
张杰,最熟悉的陌生人,时光音乐会S01
张杰,最美的太阳,CD
张杰,最美的太阳,Live 2008
张杰,最美的太阳,Live 2023线上
张杰,最美的太阳,Live 2024跨年
张杰,最美的太阳,MV
张杰,月亮之上,时光音乐会S01
张杰,来我家,CD
张杰,浩瀚,CD
张杰,潜行者,CD
张杰,潜行者,MV
张杰,火鸟,CD
张杰,燕归巢,CD
张杰,燕归巢,Live 巡回演唱会 鸟巢站
张杰,爱的光芒,CD
张杰,爱的光芒,MV
张杰,爱，不解释,Live 2024跨年
张杰,留言,CD
张杰,看月亮爬上來,CD
张杰,看月亮爬上来,Live 2023线上
张杰,看月亮爬上来,Live 2023跨年
张杰,看月亮爬上来,Live 2024跨年
张杰,看月亮爬上来,Live Just For Star
张杰,看月亮爬上来,MV
张杰,着魔,Live 2023跨年
张杰,穿堂风,CD
张杰,穿堂风,MV
张杰,突然想爱你,CD
张杰,给女儿的一封信,CD
张杰,给女儿的一封信,Live 巡回演唱会 上海站
张杰,给女儿的一封信,Live 巡回演唱会 鸟巢站
张杰,美梦成真,时光音乐会S01
张杰,花手绢,CD
张杰,花手绢,MV
张杰,街角的祝福,CD
张杰,街角的祝福,MV
张杰,街角的祝福,时光音乐会S01
张杰,说散就散,Live 巡回演唱会 上海站
张杰,谁的眼泪在飞,时光音乐会S01
张杰,身骑白马,Live 2023跨年
张杰,身骑白马,Live 2024跨年
张杰,轻舟,Live 2024跨年
张杰,这，就是爱,CD
张杰,这，就是爱,Live 巡回演唱会 上海站
张杰,这，就是爱,MV
张杰,迷离,CD
张杰,追光者,Live 2023跨年
张杰,追风赶月的人,CD
张杰,追风赶月的人,MV
张杰,逆态度,CD
张杰,逆态度,MV
张杰,逆战,CD
张杰,逆战,Live 2021海口
张杰,逆战,Live Just For Star
张杰,逆战,Live 巡回演唱会 鸟巢站
张杰,逆战,MV
张杰,逆战·十年,CD
张杰,闹啥子嘛闹,Live 巡回演唱会 上海站
张杰,闹啥子嘛闹,Live 巡回演唱会 鸟巢站
张杰,雪龙吟,CD
张杰,雪龙吟,Live 2023线上
张杰,雪龙吟,MV
张杰,高飞,CD
张杰,高飞,Live 2021海口
张杰,高飞,Live Just For Star
张杰,鲜艳的狂想,Live 2024跨年
新海诚,A Rainy Morning ~Epilogue~,CD
新海诚,A Rainy Morning ~Main Title~,CD
新海诚,Greenery Rain,CD
新海诚,Rain (Long Ver.) -Extra Track-,CD
新海诚,Rain,CD
新海诚,かたわれ時,CD
新海诚,すずめ (feat. 十明),2022 Live
新海诚,すずめ (feat. 十明),CD
新海诚,なんでもないや (movie edit.),CD
新海诚,なんでもないや (movie ver.),CD
新海诚,ふたたびの、雨,CD
新海诚,グランドエスケープ (Movie Edit) feat.三浦透子,CD
新海诚,グランドエスケープ feat.三浦透子,CD
新海诚,スパークル (movie ver.),CD
新海诚,デート2,CD
新海诚,三葉のテーマ,CD
新海诚,三葉の通学,CD
新海诚,前前前世 (movie ver.),CD
新海诚,口噛み酒トリップ,CD
新海诚,夢灯籠,CD
新海诚,家族の時間,CD
新海诚,御宅訪問,CD
新海诚,愛にできることはまだあるかい (Movie Edit),CD
新海诚,愛にできることはまだあるかい,CD
新海诚,晴れゆく空,CD
新海诚,晴天と喪失,CD
新海诚,東京上空,CD
新海诚,決意～旅立ち,CD
新海诚,祝祭 (Movie Edit) feat.三浦透子,CD
新海诚,祝祭 feat.三浦透子,CD
新海诚,糸守高校,CD
新海诚,花火大会,CD
新海诚,陽菜と、走る穂高,CD
新海诚,飛騨探訪,CD
Cyberpunk,I Really Want to Stay at Your House,CD
林俊杰,7千3百多天,CD
林俊杰,Always Online,CD
林俊杰,Castle in the Air,CD
林俊杰,Castle In The Air,MV
林俊杰,In The Joy,CD
林俊杰,Lamando,CD
林俊杰,Lamando,Live 新地球
林俊杰,Lamando,MV
林俊杰,Our Singapore,CD
林俊杰,Our Singapore,MV
林俊杰,Show The World,CD
林俊杰,Show The World,Live 圣所2.0
林俊杰,The Show,CD
林俊杰,The Show,MV
林俊杰,We Together,CD
林俊杰,We Together,MV
林俊杰,X,CD
林俊杰,X,Live I AM
林俊杰,X,Live 小巨蛋
林俊杰,X,MV
林俊杰,一千年以前,CD
林俊杰,一千年以后,CD
林俊杰,一千年以后,Live I AM
林俊杰,一千年以后,Live 小巨蛋
林俊杰,一千年以后,Live 就是林俊杰
林俊杰,一千年以后,Live 新地球
林俊杰,一千年以后,MV
林俊杰,一时的选择,CD
林俊杰,一时的选择,MV
林俊杰,一眼万年,CD
林俊杰,不为谁而作的歌,CD
林俊杰,不为谁而作的歌,Live After The Rain
林俊杰,不为谁而作的歌,Live Sanctuary Final
林俊杰,不为谁而作的歌,Live 新地球
林俊杰,不为谁而做的歌,MV
林俊杰,不懂,CD
林俊杰,不懂,MV
林俊杰,不死之身,CD
林俊杰,不死之身,MV
林俊杰,不潮不用花钱,CD
林俊杰,不潮不用花钱,Live I AM
林俊杰,不潮不用花钱,Live 小巨蛋
林俊杰,不潮不用花钱,MV
林俊杰,丹宁执着,Live 圣所2.0
林俊杰,主角,CD
林俊杰,主角,Live 小巨蛋
林俊杰,交换余生,CD
林俊杰,交换余生,Live Sanctuary Final
林俊杰,交换余生,MV
林俊杰,会有那么一天,CD
林俊杰,会有那么一天,MV
林俊杰,会读书,CD
林俊杰,会读书,MV
林俊杰,伟大的渺小,CD
林俊杰,伟大的渺小,MV
林俊杰,你都在,CD
林俊杰,修炼爱情,CD
林俊杰,修炼爱情,Live Sanctuary Final
林俊杰,修炼爱情,Live 新地球
林俊杰,修炼爱情,MV
林俊杰,关键词,CD
林俊杰,关键词,Live Sanctuary Final
林俊杰,关键词,Live 圣所2.0
林俊杰,关键词,MV
林俊杰,冻结,CD
林俊杰,冻结,Live 小巨蛋
林俊杰,加油,CD
林俊杰,加油,Live After The Rain
林俊杰,加油,Live I AM
林俊杰,加油,Live 小巨蛋
林俊杰,加油,MV
林俊杰,只对你说,CD
林俊杰,只对你说,Live I AM
林俊杰,只对你说,Live 小巨蛋
林俊杰,只对你说,Live 就是林俊杰
林俊杰,只对你说,Live 新地球
林俊杰,只对你说,MV
林俊杰,可惜没如果,CD
林俊杰,可惜没如果,Live Sanctuary Final
林俊杰,可惜没如果,Live 圣所2.0
林俊杰,可惜没如果,Live 新地球
林俊杰,听见幸福,CD
林俊杰,因你而在,CD
林俊杰,因你而在,Live After The Rain
林俊杰,因你而在,Live Sanctuary Final
林俊杰,因你而在,Live 圣所2.0
林俊杰,因你而在,Live 新地球
林俊杰,因你而在,MV
林俊杰,圣所,CD
林俊杰,圣所,Live Sanctuary Final
林俊杰,圣所,Live 伟大的渺小
林俊杰,圣所,Live 圣所2.0
林俊杰,她说,CD
林俊杰,她说,Live After The Rain
林俊杰,她说,Live Sanctuary Final
林俊杰,她说,Live We Together
林俊杰,她说,Live 小巨蛋
林俊杰,她说,Live 新地球
林俊杰,她说,MV
林俊杰,如果我还剩一件事情可以做,CD
林俊杰,如果我还剩一件事情可以做,MV
林俊杰,学不会,CD
林俊杰,学不会,Live We Together
林俊杰,学不会,MV
林俊杰,害怕,CD
林俊杰,害怕,Live I AM
林俊杰,害怕,MV
林俊杰,小酒窝,CD
林俊杰,小酒窝,Live 小巨蛋
林俊杰,小酒窝,Live 新地球
林俊杰,小酒窝,Live 重拾快乐
林俊杰,小酒窝,MV
林俊杰,就是我,CD
林俊杰,就是我,Live 就是林俊杰
林俊杰,就是我,Live 新地球
林俊杰,就是我,MV
林俊杰,当你,CD
林俊杰,心墙,CD
林俊杰,愿与愁,CD
林俊杰,愿与愁,Live 重拾快乐
林俊杰,愿与愁,MV
林俊杰,我继续,CD
林俊杰,我继续,Live 伟大的渺小
林俊杰,我还想她,CD
林俊杰,我还想她,MV
林俊杰,手心的蔷薇,CD
林俊杰,手心的蔷薇,MV
林俊杰,新地球,CD
林俊杰,新地球,Live 圣所2.0
林俊杰,新地球,Live 新地球
林俊杰,新地球,MV
林俊杰,无法克制,CD
林俊杰,无法克制,Live Sanctuary Final
林俊杰,明天,CD
林俊杰,明天,Live Sanctuary Final
林俊杰,明天,Live 就是林俊杰
林俊杰,星空下的吻,CD
林俊杰,曹操,CD
林俊杰,曹操,Live I AM
林俊杰,曹操,Live 新地球
林俊杰,曹操,MV
林俊杰,期待爱,CD
林俊杰,期待爱,Live I AM
林俊杰,期待爱,Live Sanctuary Final
林俊杰,期待爱,Live 小巨蛋
林俊杰,期待爱,MV
林俊杰,木乃伊,CD
林俊杰,木乃伊,Live 就是林俊杰
林俊杰,木乃伊,MV
林俊杰,杀手,CD
林俊杰,杀手,Live I AM
林俊杰,杀手,Live Sanctuary Final
林俊杰,梦不凌乱,CD
林俊杰,梦不凌乱,Live 重拾快乐
林俊杰,江南,CD
林俊杰,江南,Live I AM
林俊杰,江南,Live 小巨蛋
林俊杰,江南,Live 就是林俊杰
林俊杰,江南,Live 新地球
林俊杰,江南,MV
林俊杰,波间带,CD
林俊杰,波间带,Live 就是林俊杰
林俊杰,波间带,MV
林俊杰,灵魂的共鸣,CD
林俊杰,灵魂的共鸣,MV
林俊杰,熟能生巧,CD
林俊杰,熟能生巧,Live 就是林俊杰
林俊杰,熟能生巧,MV
林俊杰,爱不会绝迹,CD
林俊杰,爱不会绝迹,Live After The Rain
林俊杰,爱与希望,CD
林俊杰,爱情Yogurt,CD
林俊杰,爱情Yogurt,MV
林俊杰,爱的鼓励,CD
林俊杰,爱的鼓励,Live 新地球
林俊杰,爱笑的眼睛,CD
林俊杰,爱笑的眼睛,Live 小巨蛋
林俊杰,爱笑的眼睛,Live 就是林俊杰
林俊杰,爱笑的眼睛,Live 新地球
林俊杰,爱笑的眼睛,MV
林俊杰,独舞,CD
林俊杰,突然累了,CD
林俊杰,突然累了,MV
林俊杰,第二天堂,CD
林俊杰,第二天堂,Live I AM
林俊杰,第二天堂,Live 小巨蛋
林俊杰,第二天堂,Live 就是林俊杰
林俊杰,第二天堂,MV
林俊杰,第几个100天,CD
林俊杰,第几个100天,Live After The Rain
林俊杰,第几个100天,Live I AM
林俊杰,第几个100天,MV
林俊杰,简简单单,CD
林俊杰,简简单单,Live Sanctuary Final
林俊杰,简简单单,Live 就是林俊杰
林俊杰,简简单单,MV
林俊杰,编号89757,CD
林俊杰,编号89757,Live I AM
林俊杰,编号89757,Live Sanctuary Final
林俊杰,编号89757,Live 小巨蛋
林俊杰,编号89757,Live 就是林俊杰
林俊杰,编号89757,MV
林俊杰,美人鱼,CD
林俊杰,美人鱼,Live 就是林俊杰
林俊杰,美人鱼,Live 新地球
林俊杰,翅膀,CD
林俊杰,翅膀,Live I AM
林俊杰,翅膀,Live 就是林俊杰
林俊杰,翅膀,MV
林俊杰,背对背拥抱,CD
林俊杰,背对背拥抱,Live I AM
林俊杰,背对背拥抱,Live 小巨蛋
林俊杰,背对背拥抱,Live 新地球
林俊杰,背对背拥抱,MV
林俊杰,自画像,CD
林俊杰,自画像,Live 重拾快乐
林俊杰,自画像,MV
林俊杰,茉莉雨,CD
林俊杰,茉莉雨,MV
林俊杰,落在生命里的光,CD
林俊杰,街道,CD
林俊杰,街道,Live 小巨蛋
林俊杰,街道,MV
林俊杰,被风吹过的夏天,CD
林俊杰,被风吹过的夏天,MV
林俊杰,裹着心的光,CD
林俊杰,裹着心的光,Live After The Rain
林俊杰,记得,CD
林俊杰,记得,Live I AM
林俊杰,记得,Live Sanctuary Final
林俊杰,记得,Live We Together
林俊杰,记得,Live 小巨蛋
林俊杰,记得,Live 就是林俊杰
林俊杰,记得,Live 新地球
林俊杰,记得,MV
林俊杰,豆浆油条,CD
林俊杰,豆浆油条,Live I AM
林俊杰,豆浆油条,Live 就是林俊杰
林俊杰,豆浆油条,Live 新地球
林俊杰,豆浆油条,MV
林俊杰,跟屁虫,CD
林俊杰,跟屁虫,Live 小巨蛋
林俊杰,身后,CD
林俊杰,进化论,CD
林俊杰,进化论,Live 就是林俊杰
林俊杰,进化论,MV
林俊杰,逆光白,CD
林俊杰,逆光白,MV
林俊杰,那些你很冒险的梦,CD
林俊杰,那些你很冒险的梦,Live After The Rain
林俊杰,那些你很冒险的梦,Live Sanctuary Final
林俊杰,那些你很冒险的梦,Live We Together
林俊杰,那些你很冒险的梦,Live 圣所2.0
林俊杰,那些你很冒险的梦,MV
林俊杰,醉赤壁,CD
林俊杰,醉赤壁,Live 新地球
林俊杰,醉赤壁,MV
林俊杰,黑夜问白天,CD
林俊杰,黑夜问白天,Live 圣所2.0
林俊杰,黑武士,CD
林俊杰,黑武士,Live I AM
林俊杰,黑武士,Live 小巨蛋
林俊杰,黑色泡沫,CD
林俊杰,黑色泡沫,Live 重拾快乐
林俊杰,黑键,CD
林俊杰,黑键,Live 新地球
林俊杰,黑键,MV
王心凌,Baby Boy,CD
王心凌,Baby Boy,MV
王心凌,DA DA DA,CD
王心凌,DA DA DA,MV
王心凌,Honey,CD
王心凌,Honey,MV
王心凌,Na Na Na,CD
王心凌,Na Na Na,MV
王心凌,Woosa Woosa,CD
王心凌,Woosa Woosa,MV
王心凌,哭泣Baby,CD
王心凌,彩虹的微笑,CD
王心凌,彩虹的微笑,MV
王心凌,心电心,CD
王心凌,心电心,MV
王心凌,想你想你,CD
王心凌,想你想你,MV
王心凌,我会好好的,CD
王心凌,我会好好的,MV
王心凌,摇滚吧姑娘,CD
王心凌,摇滚吧姑娘,MV
王心凌,梦的光点,CD
王心凌,水仙,CD
王心凌,水仙,MV
王心凌,泡泡糖,CD
王心凌,热爱,CD
王心凌,热爱,MV
王心凌,爱上了就不得了,CD
王心凌,爱不爱,CD
王心凌,爱你,CD
王心凌,爱你,MV
王心凌,爱的天灵灵,CD
王心凌,爱的天灵灵,MV
王心凌,爱的滑翔翼,CD
王心凌,睫毛弯弯,CD
王心凌,睫毛弯弯,MV
王心凌,第一次爱的人,CD
王心凌,第一次爱的人,MV
王心凌,翅膀,CD
王心凌,翅膀,MV
王心凌,翘翘板,CD
王心凌,翘翘板,MV
王心凌,还是好朋友,CD
王心凌,远在眼前的你,CD
王心凌,远在眼前的你,MV
王心凌,那年夏天宁静的海,CD
王心凌,那年夏天宁静的海,MV
王心凌,非Soul-Mate,CD
王心凌,非Soul-Mate,MV
王心凌,飘飘,CD
王心凌,飘飘,MV
王心凌,飞吧,CD
王心凌,飞吧,MV
米津玄师,Flamingo,CD
米津玄师,Flamingo,Live
米津玄师,Flamingo,MV
米津玄师,Lemon,CD
米津玄师,Lemon,Live 千叶
米津玄师,Lemon,MV
米津玄师,LOSER,CD
米津玄师,LOSER,Live
米津玄师,LOSER,MV
米津玄师,M八七,CD
米津玄师,M八七,MV
米津玄师,Nighthawks,CD
米津玄师,Nighthawks,Live 千叶
米津玄师,かいじゅうのマーチ,CD
米津玄师,かいじゅうのマーチ,Live 千叶
米津玄师,まちがいさがし,CD
米津玄师,アイネクライネ,CD
米津玄师,アイネクライネ,Live 千叶
米津玄师,アイネクライネ,MV
米津玄师,クランベリーとパンケーキ,CD
米津玄师,クランベリーとパンケーキ,Live 千叶
米津玄师,パプリカ,CD
米津玄师,ピースサイン,CD
米津玄师,ピースサイン,Live 千叶
米津玄师,ピースサイン,MV
米津玄师,打上花火,CD
米津玄师,春雷,CD
米津玄师,春雷,Live 千叶
米津玄师,春雷,MV
米津玄师,海と山椒魚,CD
米津玄师,海の幽霊,CD
米津玄师,海の幽霊,MV
米津玄师,灰色と青 ( + 菅田将暉 ),CD
米津玄师,灰色と青,Live 千叶
米津玄师,灰色と青,MV
米津玄师,百鬼夜行,CD
米津玄师,砂の惑星,CD
米津玄师,砂の惑星,Live
米津玄师,飛燕,CD
米津玄师,飛燕,Live
蔡依林,Dr. Jolin,Live Play
蔡依林,Dr.Jolin,CD
蔡依林,Dr.Jolin,MV
蔡依林,Get this party started,CD
蔡依林,I'm Not Yours,CD
蔡依林,Im Not Yours,MV
蔡依林,I‘m Not Yours,Live Play
蔡依林,Lady marmalade,CD
蔡依林,Let's Move It,MV
蔡依林,Let‘s Move It,CD
蔡依林,Love Love Love,CD
蔡依林,Love Love Love,Live Play
蔡依林,Love Love Love,MV
蔡依林,Miss Trouble,CD
蔡依林,Miss Trouble,Live Play
蔡依林,Miss Trouble,MV
蔡依林,Mr. Q,Live Play
蔡依林,Mr. Q,MV
蔡依林,Mr.Q,CD
蔡依林,OH LA LA LA,CD
蔡依林,OH LA LA LA,MV
蔡依林,OH OH,CD
蔡依林,OH OH,MV
蔡依林,Play我呸,Live Play
蔡依林,Pretty Pretty Day,CD
蔡依林,Pretty Pretty Day,MV
蔡依林,Prove it,CD
蔡依林,Prove it,MV
蔡依林,Stars Align,CD
蔡依林,StarsAlign,MV
蔡依林,Take It Easy,CD
蔡依林,You Gotta Know,CD
蔡依林,You Gotta Know,MV
蔡依林,七上八下,Live Myself
蔡依林,七上八下,Live Play
蔡依林,万花瞳,CD
蔡依林,不一样又怎样,CD
蔡依林,不一样又怎样,MV
蔡依林,乐园,CD
蔡依林,乐园,MV
蔡依林,乖乖牌,CD
蔡依林,乖貓,CD
蔡依林,什么什么,CD
蔡依林,什么什么,MV
蔡依林,你怎么连话都说不清楚,CD
蔡依林,倒带,CD
蔡依林,倒流,CD
蔡依林,假裝,CD
蔡依林,假裝,MV
蔡依林,冷暴力,CD
蔡依林,冷暴力,MV
蔡依林,十三号星期舞,CD
蔡依林,呸,CD
蔡依林,呸,MV
蔡依林,唇唇欲动,CD
蔡依林,大丈夫.,Live Play
蔡依林,大丈夫,CD
蔡依林,大丈夫,MV
蔡依林,大艺术家,CD
蔡依林,大艺术家,Live Play
蔡依林,大艺术家,MV
蔡依林,如果我没有伤口,CD
蔡依林,娘子汉,Live Myself
蔡依林,孤单的人总说无所谓,CD
蔡依林,就是爱,CD
蔡依林,就是爱,MV
蔡依林,布拉格广场,CD
蔡依林,布拉格广场,Live Play
蔡依林,布拉格广场,MV
蔡依林,开场白,CD
蔡依林,开场白,MV
蔡依林,影舞者,CD
蔡依林,快有爱,CD
蔡依林,怕什么,CD
蔡依林,怕什么,MV
蔡依林,怪美的,CD
蔡依林,怪美的,MV
蔡依林,感觉你的存在,CD
蔡依林,感觉你的存在,MV
蔡依林,招牌动作,CD
蔡依林,招牌动作,MV
蔡依林,无言以对,Live Myself
蔡依林,无言以对,Live Play
蔡依林,日不落,CD
蔡依林,日不落,Live Play
蔡依林,日不落,MV
蔡依林,有人,CD
蔡依林,桃花源,CD
蔡依林,桃花源,MV
蔡依林,派大星,Live Myself
蔡依林,海盗,MV
蔡依林,海盜,CD
蔡依林,消失的城堡,CD
蔡依林,消极掰,CD
蔡依林,消极掰,MV
蔡依林,热冬,CD
蔡依林,爆米花的味道,CD
蔡依林,爆米花的味道,MV
蔡依林,爱引力,CD
蔡依林,爱引力,MV
蔡依林,爱情36计,CD
蔡依林,爱情36计,Live Play
蔡依林,爱情36计,MV
蔡依林,爱无赦,CD
蔡依林,爱无赦,Live Play
蔡依林,爱无赦,MV
蔡依林,特务J,CD
蔡依林,特务J,Live Play
蔡依林,特务J,MV
蔡依林,独占神话,CD
蔡依林,独占神话,Live Play
蔡依林,独占神话,MV
蔡依林,玩爱之徒,Live Myself
蔡依林,玩美,CD
蔡依林,玩美,MV
蔡依林,玫瑰少年,CD
蔡依林,玫瑰少年,MV
蔡依林,玫瑰少年,THE FIRST TAKE
蔡依林,甜秘密,CD
蔡依林,甜秘密,MV
蔡依林,电话皇后,CD
蔡依林,电话皇后,Live Play
蔡依林,电话皇后,MV
蔡依林,看我72变,CD
蔡依林,看我72变,Live Play
蔡依林,看我72变,MV
蔡依林,看紧我,CD
蔡依林,睁一只眼闭一只眼,MV
蔡依林,睜一只眼闭一只眼,CD
蔡依林,第一优先,CD
蔡依林,美人计,Live Myself
蔡依林,美杜莎,CD
蔡依林,美杜莎,Live Play
蔡依林,美杜莎,MV
蔡依林,舞娘,CD
蔡依林,舞娘,Live Play
蔡依林,舞娘,MV
蔡依林,节拍器,CD
蔡依林,节拍器,MV
蔡依林,花蝴蝶,CD
蔡依林,花蝴蝶,Live Play
蔡依林,花蝴蝶,MV
蔡依林,说爱你,CD
蔡依林,说爱你,MV
蔡依林,越慢越美丽,CD
蔡依林,越慢越美丽,MV
蔡依林,迷幻,Live Play
蔡依林,野蛮游戏,CD
蔡依林,野蛮游戏,MV
蔡依林,金山角,CD
蔡依林,马德里不思议,CD
蔡依林,马德里不思议,MV
蔡依林,马赛克,CD
蔡依林,马赛克,MV
蔡依林,骑士精神,CD
蔡依林,骑士精神,MV
蔡依林,黑发尤物,Live Myself
邓紫棋,18,CD
邓紫棋,18,Live 2011 香港红馆
邓紫棋,A.I.N.Y. (Live Piano Version),CD
邓紫棋,A.I.N.Y.(2017),CD
邓紫棋,A.I.N.Y.,Live 2011 香港红馆
邓紫棋,A.I.N.Y.,MV
邓紫棋,A.I.N.Y,CD
邓紫棋,A.I.N.Y,Live 2013 香港红馆
邓紫棋,A.I.N.Y,Live 2015 北京
邓紫棋,After Tonight,CD
邓紫棋,After Tonight,Live 2013 香港红馆
邓紫棋,After Tonight,Live 2015 北京
邓紫棋,ALL ABOUT U,CD
邓紫棋,ALL ABOUT U,Live 2011 香港红馆
邓紫棋,ALL ABOUT U,Live 2013 香港红馆
邓紫棋,ALL ABOUT U,MV
邓紫棋,Don‘t Stop The Music,Live 2011 香港红馆
邓紫棋,El Hombre que Ríe,MV
邓紫棋,El Hombre que Ríe,CD
邓紫棋,Fly Away,CD
邓紫棋,Fly Away,MV
邓紫棋,G.E.M.(GET EVERYBODY MOVING),CD
邓紫棋,G.E.M.(GET EVERYBODY MOVING),Live 2011 香港红馆
邓紫棋,G.E.M.(GET EVERYBODY MOVING),Live 2013 香港红馆
邓紫棋,G.E.M.(GET EVERYBODY MOVING),Live 2015 北京
邓紫棋,GAME OVER,CD
邓紫棋,GAME OVER,Live 2011 香港红馆
邓紫棋,GAME OVER,MV
邓紫棋,Get Over You,CD
邓紫棋,Get Over You,Live 2011 香港红馆
邓紫棋,Get Over You,Live 2013 香港红馆
邓紫棋,Get Over You,MV
邓紫棋,Good To Be Bad,CD
邓紫棋,Good to be Bad,Live 2011 香港红馆
邓紫棋,Good to be Bad,Live 2013 香港红馆
邓紫棋,Good to be Bad,Live 2015 北京
邓紫棋,Good to be Bad,MV
邓紫棋,Mascara,CD
邓紫棋,Mascara,Live 2011 香港红馆
邓紫棋,Mascara,MV
邓紫棋,Oh Boy,CD
邓紫棋,Oh Boy,Live 2013 香港红馆
邓紫棋,Oh Boy,Live 2015 北京
邓紫棋,Oh Boy,MV
邓紫棋,One Button,CD
邓紫棋,One Button,Live 2011 香港红馆
邓紫棋,One Button,Live 2013 香港红馆
邓紫棋,One Button,Live 2015 北京
邓紫棋,One Button,MV
邓紫棋,Rolling in the deep,Live 2013 香港红馆
邓紫棋,Rolling in the deep,Live 2015 北京
邓紫棋,Say it Loud,CD
邓紫棋,Someday I'll Fly,CD
邓紫棋,Someday I'll Fly,Live 2013 香港红馆
邓紫棋,Someday I'll Fly,MV
邓紫棋,The Voice Within,CD
邓紫棋,The Voice Within,MV
邓紫棋,Twinkle II,CD
邓紫棋,Twinkle II,Live 2011 香港红馆
邓紫棋,Victoria,CD
邓紫棋,Victoria,MV
邓紫棋,Wanna Be Startin‘ Somethin‘,Live 2011 香港红馆
邓紫棋,What Have U Done,CD
邓紫棋,What Have U Done,Live 2013 香港红馆
邓紫棋,What Have U Done,Live 2015 北京
邓紫棋,What Have U Done,MV
邓紫棋,Where Did U Go 2.0 (Remix),CD
邓紫棋,Where Did U Go,CD
邓紫棋,Where Did U Go,Live 2011 香港红馆
邓紫棋,Where Did U Go,Live 2013 香港红馆
邓紫棋,Where Did U Go,MV
邓紫棋,You Raise Me Up,Live 2011 香港红馆
邓紫棋,下一秒,CD
邓紫棋,下一秒,Live 2013 香港红馆
邓紫棋,不存在的存在,CD
邓紫棋,不存在的存在,Live 2013 香港红馆
邓紫棋,你不是真正的快乐,CD
邓紫棋,你不是真正的快乐,Live 2015 北京
邓紫棋,你不是真正的快乐,MV
邓紫棋,你把我灌醉,CD
邓紫棋,你把我灌醉,Live 2015 北京
邓紫棋,你把我灌醉,MV
邓紫棋,依然睡公主,CD
邓紫棋,倒数,CD
邓紫棋,倒数,MV
邓紫棋,光年之外,CD
邓紫棋,光年之外,MV
邓紫棋,再见 (Live Piano Session II),CD
邓紫棋,再见,CD
邓紫棋,再见,MV
邓紫棋,写不完的温柔,CD
邓紫棋,写不完的温柔,MV
邓紫棋,单行的轨道,CD
邓紫棋,单行的轨道,MV
邓紫棋,句号,CD
邓紫棋,句号,MV
邓紫棋,后会无期,CD
邓紫棋,后会无期,MV
邓紫棋,唯一,CD
邓紫棋,喜欢你,CD
邓紫棋,喜欢你,Live 2015 北京
邓紫棋,喜欢你,MV
邓紫棋,回忆的沙漏(10周年版),CD
邓紫棋,回忆的沙漏,CD
邓紫棋,回忆的沙漏,MV
邓紫棋,塞纳河,CD
邓紫棋,塞纳河,Live 2011 香港红馆
邓紫棋,多远都要在一起 (Dub Mix),CD
邓紫棋,多远都要在一起,CD
邓紫棋,多远都要在一起,MV
邓紫棋,奇迹,CD
邓紫棋,奇迹,MV
邓紫棋,寂寞星球的玫瑰,Live 2011 香港红馆
邓紫棋,寂寞星球的玫瑰,CD
邓紫棋,差不多姑娘,CD
邓紫棋,差不多姑娘,MV
邓紫棋,情人,CD
邓紫棋,情人,Live 2011 香港红馆
邓紫棋,想讲你知,CD
邓紫棋,想讲你知,Live 2011 香港红馆
邓紫棋,想讲你知,Live 2013 香港红馆
邓紫棋,想讲你知,Live 2015 北京
邓紫棋,想讲你知,MV
邓紫棋,意式恋爱,CD
邓紫棋,我不懂爱,CD
邓紫棋,我不懂爱,Live 2011 香港红馆
邓紫棋,我的秘密 (Live Piano Session),CD
邓紫棋,我的秘密,CD
邓紫棋,我的秘密,Live 2011 香港红馆
邓紫棋,我的秘密,Live 2013 香港红馆
邓紫棋,我的秘密,Live 2015 北京
邓紫棋,我的秘密,MV
邓紫棋,摩天动物园,CD
邓紫棋,摩天动物园,MV
邓紫棋,新的心跳,CD
邓紫棋,新的心跳,Live 2015 北京
邓紫棋,新的心跳,MV
邓紫棋,末日,CD
邓紫棋,末日,MV
邓紫棋,来自天堂的魔鬼,CD
邓紫棋,来自天堂的魔鬼,MV
邓紫棋,查克靠近,CD
邓紫棋,查克靠近,MV
邓紫棋,桃花诺,CD
邓紫棋,桃花诺,MV
邓紫棋,泡沫,Live 2013 香港红馆
邓紫棋,泡沫,Live 2015 北京
邓紫棋,泡沬,CD
邓紫棋,潜意式的残酷,CD
邓紫棋,潜意式的残酷,Live 2013 香港红馆
邓紫棋,潜意式的残酷,Live 2015 北京
邓紫棋,潜意式的残酷,MV
邓紫棋,爱如意,CD
邓紫棋,爱如意,MV
邓紫棋,爱现在的我,CD
邓紫棋,画 (Live Piano Session II),CD
邓紫棋,画,MV
邓紫棋,盲点,CD
邓紫棋,盲点,MV
邓紫棋,等一个他,CD
邓紫棋,等一个他,Live 2011 香港红馆
邓紫棋,等一个他,Live 2013 香港红馆
邓紫棋,等一个他,Live 2015 北京
邓紫棋,等一个他,MV
邓紫棋,红蔷薇白玫瑰,CD
邓紫棋,红蔷薇白玫瑰,MV
邓紫棋,美好的旧时光,CD
邓紫棋,美好的旧时光,Live 2011 香港红馆
邓紫棋,萤火,CD
邓紫棋,超能力,CD
邓紫棋,超能力,MV
邓紫棋,龙卷风,CD
邓紫棋,龙卷风,Live 2015 北京
铃木爱理,Apple Pie,CD
铃木爱理,Apple Pie,Live 26 ⁄ 27
铃木爱理,Apple Pie,MV
铃木爱理,BABY! WE CAN DO IT!,CD
铃木爱理,BABY! WE CAN DO IT!,MV
铃木爱理,Be Brave,CD
铃木爱理,Be Brave,Live 2024 第7回
铃木爱理,Be Brave,Live 26 ⁄ 27
铃木爱理,Be Brave,Live No Life No Live EX
铃木爱理,Be Brave,Live No Live No Live 2
铃木爱理,Be Your Love,CD
铃木爱理,Be Your Love,Live Do me a favor
铃木爱理,Be Your Love,Live Escape
铃木爱理,Be Your Love,Live ココロノオトヲ
铃木爱理,Break it down,CD
铃木爱理,Break it down,Live 2018
铃木爱理,Break it down,Live 26 ⁄ 27
铃木爱理,Break it down,Live Escape
铃木爱理,Break it down,Live No Live No Life 1
铃木爱理,Break it down,Live No Live No Life 3
铃木爱理,Break it down,Live ココロノオトヲ
铃木爱理,Break it down,MV
铃木爱理,Candy Box,CD
铃木爱理,Candy Box,Live 2018
铃木爱理,Candy Box,Live 2024 第7回
铃木爱理,Candy Box,Live 26 ⁄ 27
铃木爱理,Candy Box,Live Do me a favor
铃木爱理,Candy Box,Live Escape
铃木爱理,DADDY ! DADDY ! DO !,From THE FIRST TAKE
铃木爱理,DADDY! DADDY! DO! feat. 鈴木愛理,CD
铃木爱理,DADDY! DADDY! DO! feat. 鈴木愛理,MV
铃木爱理,DADDY! DADDY! DO!,Live 26 ⁄ 27
铃木爱理,DADDY! DADDY! DO!,Live No Live No Life 3
铃木爱理,DADDY! DADDY! DO!,Live No Live No Live 2
铃木爱理,DISTANCE,CD
铃木爱理,DISTANCE,Live Do me a favor
铃木爱理,DISTANCE,Live Escape
铃木爱理,DISTANCE,Live No Live No Live 2
铃木爱理,DISTANCE,MV
铃木爱理,Escape,CD
铃木爱理,Escape,Live 26 ⁄ 27
铃木爱理,Escape,Live Escape
铃木爱理,Escape,Live No Life No Live EX
铃木爱理,Escape,Live No Live No Life 1
铃木爱理,Escape,Live No Live No Live 2
铃木爱理,Escape,MV
铃木爱理,Good Night,CD
铃木爱理,Good Night,Live 2018
铃木爱理,Good Night,Live Do me a favor
铃木爱理,Good Night,Live Escape
铃木爱理,Good Night,Live No Live No Life 1
铃木爱理,Good Night,Live ココロノオトヲ
铃木爱理,Let The Show Begin,CD
铃木爱理,Let The Show Begin,Live 26 ⁄ 27
铃木爱理,Let The Show Begin,Live No Live No Life 3
铃木爱理,Let the Show Begin,Live ココロノオトヲ
铃木爱理,Let The Show Begin,MV
铃木爱理,Oops!,CD
铃木爱理,Oops!,MV
铃木爱理,perfect timing,CD
铃木爱理,perfect timing,Live Do me a favor
铃木爱理,rescue,CD
铃木爱理,rescue,Live 26 ⁄ 27
铃木爱理,rescue,Live No Life No Live EX
铃木爱理,rescue,Live No Live No Life 3
铃木爱理,rescue,Live ココロノオトヲ
铃木爱理,rescue,MV
铃木爱理,STORY,CD
铃木爱理,STORY,Live No Life No Live EX
铃木爱理,STORY,Live No Live No Live 2
铃木爱理,TRICK,CD
铃木爱理,TRICK,Live 2018
铃木爱理,TRICK,Live Escape
铃木爱理,この手。,CD
铃木爱理,この手。,Live 2024 第7回
铃木爱理,この手。,Live 26 ⁄ 27
铃木爱理,たぶんね、,CD
铃木爱理,たぶんね、,Live Do me a favor
铃木爱理,たぶんね、,Live ココロノオトヲ
铃木爱理,ハイビート気分,CD
铃木爱理,ハイビート気分,Live No Live No Life 3
铃木爱理,ハイビート気分,Live No Live No Live 2
铃木爱理,ハイビート気分,Live ココロノオトヲ
铃木爱理,ハイビート気分,MV
铃木爱理,別の人の彼女になったよ,CD
铃木爱理,別の人の彼女になったよ,Live 26 ⁄ 27
铃木爱理,別の人の彼女になったよ,Live Escape
铃木爱理,別の人の彼女になったよ,Live No Live No Life 1
铃木爱理,真夜中のメリーゴーランド,CD
铃木爱理,真夜中のメリーゴーランド,Live 26 ⁄ 27
铃木爱理,真夜中のメリーゴーランド,Live ココロノオトヲ
铃木爱理,真夜中のメリーゴーランド,MV
铃木爱理,空は二度燃える (28-29 Ver.) (feat.鈴木 愛理),CD
铃木爱理,空は二度燃える,Live 26 ⁄ 27
铃木爱理,空は二度燃える,Live No Live No Live 2
陶喆,All for Joy,CD
陶喆,I'm OK (Reimagined),CD
陶喆,I'm OK,MV
陶喆,Run Away,MV
陶喆,Runaway,CD
陶喆,Runaway,Live Soul Power
陶喆,Runaway,Live 小人物
陶喆,一念之间,Live 小人物
陶喆,中国姑娘,CD
陶喆,今天沒回家,CD
陶喆,今天没回家,MV
陶喆,寂寞的季节,CD
陶喆,寂寞的季节,Live 123
陶喆,寂寞的季节,Live Soul Power
陶喆,寂寞的季节,MV
陶喆,小子,CD
陶喆,小镇姑娘,CD
陶喆,小镇姑娘,Live 就是爱你
陶喆,小镇姑娘,MV
陶喆,就是爱你,CD
陶喆,就是爱你,MV
陶喆,找自己,CD
陶喆,找自己,Live 123
陶喆,找自己,Live 小人物
陶喆,找自己,MV
陶喆,流沙,CD
陶喆,流沙,MV
陶喆,爱，很简单,CD
陶喆,王八蛋,Live 杂集
陶喆,讨厌红楼梦,Live 小人物
陶喆,讨厌红楼梦,MV
陶喆,黑色柳丁,CD
陶喆,黑色柳丁,Live 123
陶喆,黑色柳丁,Live Soul Power
陶喆,黑色柳丁,Live 就是爱你
陶喆,黑色柳丁,Live 杂集
陶喆,黑色柳丁,MV